--
-- PostgreSQL database dump
--

-- Dumped from database version 13.1
-- Dumped by pg_dump version 13.1

SET statement_timeout = 0;
SET lock_timeout = 0;
SET idle_in_transaction_session_timeout = 0;
SET client_encoding = 'UTF8';
SET standard_conforming_strings = on;
SELECT pg_catalog.set_config('search_path', '', false);
SET check_function_bodies = false;
SET xmloption = content;
SET client_min_messages = warning;
SET row_security = off;

SET default_tablespace = '';

SET default_table_access_method = heap;

--
-- Name: app_user; Type: TABLE; Schema: public; Owner: pifou
--

CREATE TABLE public.app_user (
    login character varying(255) NOT NULL,
    active boolean NOT NULL,
    name character varying(255),
    password character varying(255),
    role character varying(255)
);


ALTER TABLE public.app_user OWNER TO pifou;

--
-- Name: hibernate_sequence; Type: SEQUENCE; Schema: public; Owner: pifou
--

CREATE SEQUENCE public.hibernate_sequence
    START WITH 1
    INCREMENT BY 1
    NO MINVALUE
    NO MAXVALUE
    CACHE 1;


ALTER TABLE public.hibernate_sequence OWNER TO pifou;

--
-- Name: measure; Type: TABLE; Schema: public; Owner: pifou
--

CREATE TABLE public.measure (
    measure_id bigint NOT NULL,
    date_taken timestamp without time zone,
    type character varying(255),
    value real,
    sensor bigint
);


ALTER TABLE public.measure OWNER TO pifou;

--
-- Name: sensor; Type: TABLE; Schema: public; Owner: pifou
--

CREATE TABLE public.sensor (
    sensor_id bigint NOT NULL,
    frequency bigint,
    location character varying(255),
    type character varying(255)
);


ALTER TABLE public.sensor OWNER TO pifou;

--
-- Name: sensor_user; Type: TABLE; Schema: public; Owner: pifou
--

CREATE TABLE public.sensor_user (
    sensor bigint NOT NULL,
    app_user character varying(255) NOT NULL
);


ALTER TABLE public.sensor_user OWNER TO pifou;

--
-- Data for Name: app_user; Type: TABLE DATA; Schema: public; Owner: pifou
--

COPY public.app_user (login, active, name, password, role) FROM stdin;
pifou	t	pifou le fou	$2a$10$/WiPSCFxt6SjnOai9sDVNesKM3bUMWQwnl3XNFFUBusTl/oMGPLqe	ROLE_ADMIN
bob	t	bob l'eponge	$2a$10$dfBkVSPwbwBwyaPVUry6KORe97kdWbx056sbXbl4YTElWcesukxam	ROLE_USER
vdubois	t	Vincent Dubois	$2a$10$09F5vuOxUmVclOWK8OH/We5lVdJOVTwFK17cesKXOoeWoi8EbCIlq	ROLE_USER
rsimonin	t	Richard Simonin	$2a$10$hMou510wxqfZh3WjAOCco.rLYfQObum8G/K0KQtubk5pDLXMXEASS	ROLE_USER
egury	t	Evan Gury	$2a$10$xV24Hm0GHTeLlB3Qa8IsX.EUgQvWZ.Mh3BYDDGFQuN.i35wV4IDw2	ROLE_USER
lfauchois	t	Lukas Fauchois	$2a$10$gBvnYLhs.z5QpRffWRdjreubPwiKwClbYb8ot1BzXuKUK.us5X0fq	ROLE_USER
\.


--
-- Data for Name: measure; Type: TABLE DATA; Schema: public; Owner: pifou
--

COPY public.measure (measure_id, date_taken, type, value, sensor) FROM stdin;
1	2021-01-14 00:20:05.157	temperature	22.84541	11
2	2021-01-14 00:20:05.157	temperature	21.063713	12
3	2021-01-14 00:20:05.157	temperature	18.191818	13
4	2021-01-14 00:20:05.157	hygrometry	69.22633	14
5	2021-01-14 00:20:05.157	hygrometry	47.079933	15
6	2021-01-14 01:20:05.272	temperature	19.6069	11
7	2021-01-14 01:20:05.272	temperature	11.329825	12
8	2021-01-14 01:20:05.272	temperature	19.849522	13
9	2021-01-14 01:20:05.272	hygrometry	63.823505	14
10	2021-01-14 01:20:05.272	hygrometry	70.228355	15
11	2021-01-14 02:20:05.398	temperature	22.145851	11
12	2021-01-14 02:20:05.398	temperature	16.352203	12
13	2021-01-14 02:20:05.398	temperature	19.3471	13
14	2021-01-14 02:20:05.398	hygrometry	62.631527	14
15	2021-01-14 02:20:05.398	hygrometry	57.240776	15
16	2021-01-14 03:20:05.502	temperature	11.831355	11
17	2021-01-14 03:20:05.502	temperature	15.884102	12
18	2021-01-14 03:20:05.502	temperature	22.020689	13
19	2021-01-14 03:20:05.502	hygrometry	65.56538	14
20	2021-01-14 03:20:05.502	hygrometry	65.7491	15
21	2021-01-14 04:20:05.62	temperature	10.3523855	11
22	2021-01-14 04:20:05.62	temperature	11.148007	12
23	2021-01-14 04:20:05.62	temperature	10.733264	13
24	2021-01-14 04:20:05.62	hygrometry	41.4005	14
25	2021-01-14 04:20:05.62	hygrometry	64.25637	15
26	2021-01-14 05:20:05.713	temperature	12.694712	11
27	2021-01-14 05:20:05.713	temperature	15.564695	12
28	2021-01-14 05:20:05.713	temperature	10.28095	13
29	2021-01-14 05:20:05.713	hygrometry	60.465076	14
30	2021-01-14 05:20:05.713	hygrometry	54.592045	15
31	2021-01-14 06:20:05.793	temperature	20.093464	11
32	2021-01-14 06:20:05.793	temperature	20.023521	12
33	2021-01-14 06:20:05.793	temperature	20.294132	13
34	2021-01-14 06:20:05.793	hygrometry	53.144985	14
35	2021-01-14 06:20:05.793	hygrometry	54.00213	15
36	2021-01-14 07:20:05.884	temperature	14.2445965	11
37	2021-01-14 07:20:05.884	temperature	14.978082	12
38	2021-01-14 07:20:05.884	temperature	19.822418	13
39	2021-01-14 07:20:05.884	hygrometry	47.357807	14
40	2021-01-14 07:20:05.884	hygrometry	63.604164	15
41	2021-01-14 08:20:05.955	temperature	16.148994	11
42	2021-01-14 08:20:05.955	temperature	18.372335	12
43	2021-01-14 08:20:05.955	temperature	25.579489	13
44	2021-01-14 08:20:05.955	hygrometry	46.30503	14
45	2021-01-14 08:20:05.955	hygrometry	48.318146	15
46	2021-01-14 09:20:06.047	temperature	17.509365	11
47	2021-01-14 09:20:06.047	temperature	13.924388	12
48	2021-01-14 09:20:06.047	temperature	23.775637	13
49	2021-01-14 09:20:06.047	hygrometry	65.59118	14
50	2021-01-14 09:20:06.047	hygrometry	44.526436	15
51	2021-01-14 10:20:06.125	temperature	16.247135	11
52	2021-01-14 10:20:06.125	temperature	11.473484	12
53	2021-01-14 10:20:06.125	temperature	17.308428	13
54	2021-01-14 10:20:06.125	hygrometry	70.517	14
55	2021-01-14 10:20:06.125	hygrometry	58.00378	15
56	2021-01-14 11:20:06.206	temperature	13.90198	11
57	2021-01-14 11:20:06.206	temperature	11.096633	12
58	2021-01-14 11:20:06.206	temperature	13.775953	13
59	2021-01-14 11:20:06.206	hygrometry	65.80182	14
60	2021-01-14 11:20:06.206	hygrometry	42.368145	15
61	2021-01-14 12:20:06.278	temperature	20.47927	11
62	2021-01-14 12:20:06.278	temperature	14.506755	12
63	2021-01-14 12:20:06.278	temperature	15.029357	13
64	2021-01-14 12:20:06.278	hygrometry	45.08054	14
65	2021-01-14 12:20:06.278	hygrometry	41.063263	15
66	2021-01-14 13:20:06.356	temperature	12.803285	11
67	2021-01-14 13:20:06.356	temperature	23.321787	12
68	2021-01-14 13:20:06.356	temperature	10.984825	13
69	2021-01-14 13:20:06.356	hygrometry	63.087723	14
70	2021-01-14 13:20:06.356	hygrometry	66.04321	15
71	2021-01-14 14:20:06.431	temperature	10.546966	11
72	2021-01-14 14:20:06.431	temperature	22.241312	12
73	2021-01-14 14:20:06.431	temperature	13.62712	13
74	2021-01-14 14:20:06.431	hygrometry	60.36112	14
75	2021-01-14 14:20:06.431	hygrometry	61.857685	15
76	2021-01-14 15:20:06.501	temperature	12.172963	11
77	2021-01-14 15:20:06.501	temperature	13.14697	12
78	2021-01-14 15:20:06.501	temperature	16.408495	13
79	2021-01-14 15:20:06.501	hygrometry	55.94353	14
80	2021-01-14 15:20:06.501	hygrometry	55.992325	15
81	2021-01-14 16:20:06.566	temperature	18.85718	11
82	2021-01-14 16:20:06.566	temperature	19.918978	12
83	2021-01-14 16:20:06.566	temperature	21.11793	13
84	2021-01-14 16:20:06.566	hygrometry	62.197086	14
85	2021-01-14 16:20:06.566	hygrometry	47.660275	15
86	2021-01-14 17:20:06.618	temperature	19.329838	11
87	2021-01-14 17:20:06.618	temperature	17.14913	12
88	2021-01-14 17:20:06.618	temperature	24.764172	13
89	2021-01-14 17:20:06.618	hygrometry	48.90273	14
90	2021-01-14 17:20:06.618	hygrometry	66.64557	15
91	2021-01-14 18:20:06.674	temperature	14.75441	11
92	2021-01-14 18:20:06.674	temperature	23.473972	12
93	2021-01-14 18:20:06.674	temperature	17.598448	13
94	2021-01-14 18:20:06.674	hygrometry	54.117245	14
95	2021-01-14 18:20:06.674	hygrometry	48.001957	15
96	2021-01-14 19:20:06.732	temperature	19.188889	11
97	2021-01-14 19:20:06.732	temperature	17.93812	12
98	2021-01-14 19:20:06.732	temperature	12.794428	13
99	2021-01-14 19:20:06.732	hygrometry	52.03336	14
100	2021-01-14 19:20:06.732	hygrometry	49.173687	15
101	2021-01-14 20:20:06.797	temperature	21.748447	11
102	2021-01-14 20:20:06.797	temperature	18.62573	12
103	2021-01-14 20:20:06.797	temperature	14.454362	13
104	2021-01-14 20:20:06.797	hygrometry	65.30971	14
105	2021-01-14 20:20:06.797	hygrometry	56.45649	15
106	2021-01-14 21:20:06.854	temperature	12.6938925	11
107	2021-01-14 21:20:06.854	temperature	11.009484	12
108	2021-01-14 21:20:06.854	temperature	17.527601	13
109	2021-01-14 21:20:06.854	hygrometry	60.177372	14
110	2021-01-14 21:20:06.854	hygrometry	70.816124	15
111	2021-01-14 22:20:06.912	temperature	22.542633	11
112	2021-01-14 22:20:06.912	temperature	19.753805	12
113	2021-01-14 22:20:06.912	temperature	16.31454	13
114	2021-01-14 22:20:06.912	hygrometry	41.94342	14
115	2021-01-14 22:20:06.912	hygrometry	50.081306	15
116	2021-01-13 00:20:06.978	temperature	12.6448765	11
117	2021-01-13 00:20:06.978	temperature	12.212414	12
118	2021-01-13 00:20:06.978	temperature	25.478302	13
119	2021-01-13 00:20:06.978	hygrometry	61.136425	14
120	2021-01-13 00:20:06.978	hygrometry	51.42899	15
121	2021-01-13 01:20:07.043	temperature	11.317634	11
122	2021-01-13 01:20:07.043	temperature	12.266892	12
123	2021-01-13 01:20:07.043	temperature	10.337215	13
124	2021-01-13 01:20:07.043	hygrometry	62.742504	14
125	2021-01-13 01:20:07.043	hygrometry	59.89363	15
126	2021-01-13 02:20:07.098	temperature	15.5416765	11
127	2021-01-13 02:20:07.098	temperature	23.708525	12
128	2021-01-13 02:20:07.098	temperature	23.381153	13
129	2021-01-13 02:20:07.098	hygrometry	46.77315	14
130	2021-01-13 02:20:07.098	hygrometry	61.269005	15
131	2021-01-13 03:20:07.156	temperature	20.658245	11
132	2021-01-13 03:20:07.156	temperature	14.114835	12
133	2021-01-13 03:20:07.156	temperature	11.062897	13
134	2021-01-13 03:20:07.156	hygrometry	52.497112	14
135	2021-01-13 03:20:07.156	hygrometry	53.92287	15
136	2021-01-13 04:20:07.207	temperature	14.652205	11
137	2021-01-13 04:20:07.207	temperature	19.236374	12
138	2021-01-13 04:20:07.207	temperature	18.2054	13
139	2021-01-13 04:20:07.207	hygrometry	41.71246	14
140	2021-01-13 04:20:07.207	hygrometry	60.908104	15
141	2021-01-13 05:20:07.271	temperature	19.553474	11
142	2021-01-13 05:20:07.271	temperature	11.116237	12
143	2021-01-13 05:20:07.271	temperature	19.342997	13
144	2021-01-13 05:20:07.271	hygrometry	59.793884	14
145	2021-01-13 05:20:07.271	hygrometry	49.80054	15
146	2021-01-13 06:20:07.334	temperature	17.719353	11
147	2021-01-13 06:20:07.334	temperature	22.843102	12
148	2021-01-13 06:20:07.334	temperature	10.611515	13
149	2021-01-13 06:20:07.334	hygrometry	66.84659	14
150	2021-01-13 06:20:07.334	hygrometry	65.77833	15
151	2021-01-13 07:20:07.394	temperature	15.131453	11
152	2021-01-13 07:20:07.394	temperature	13.088071	12
153	2021-01-13 07:20:07.394	temperature	10.081395	13
154	2021-01-13 07:20:07.394	hygrometry	58.22981	14
155	2021-01-13 07:20:07.394	hygrometry	46.397926	15
156	2021-01-13 08:20:07.461	temperature	15.247136	11
157	2021-01-13 08:20:07.461	temperature	12.826506	12
158	2021-01-13 08:20:07.461	temperature	17.636133	13
159	2021-01-13 08:20:07.461	hygrometry	66.134476	14
160	2021-01-13 08:20:07.461	hygrometry	45.88533	15
161	2021-01-13 09:20:07.514	temperature	22.538567	11
162	2021-01-13 09:20:07.514	temperature	17.820616	12
163	2021-01-13 09:20:07.514	temperature	11.286836	13
164	2021-01-13 09:20:07.514	hygrometry	55.28507	14
165	2021-01-13 09:20:07.514	hygrometry	62.92903	15
166	2021-01-13 10:20:07.569	temperature	13.107811	11
167	2021-01-13 10:20:07.569	temperature	12.526083	12
168	2021-01-13 10:20:07.569	temperature	15.432077	13
169	2021-01-13 10:20:07.569	hygrometry	47.063152	14
170	2021-01-13 10:20:07.569	hygrometry	58.6405	15
171	2021-01-13 11:20:07.63	temperature	17.214794	11
172	2021-01-13 11:20:07.63	temperature	20.444296	12
173	2021-01-13 11:20:07.63	temperature	12.054847	13
174	2021-01-13 11:20:07.63	hygrometry	63.157482	14
175	2021-01-13 11:20:07.63	hygrometry	65.54106	15
176	2021-01-13 12:20:07.696	temperature	25.490269	11
177	2021-01-13 12:20:07.696	temperature	22.138582	12
178	2021-01-13 12:20:07.696	temperature	11.798683	13
179	2021-01-13 12:20:07.696	hygrometry	48.04011	14
180	2021-01-13 12:20:07.696	hygrometry	59.471844	15
181	2021-01-13 13:20:07.756	temperature	16.582676	11
182	2021-01-13 13:20:07.756	temperature	21.637655	12
183	2021-01-13 13:20:07.756	temperature	17.657372	13
184	2021-01-13 13:20:07.756	hygrometry	56.972126	14
185	2021-01-13 13:20:07.756	hygrometry	60.91451	15
186	2021-01-13 14:20:07.803	temperature	18.419329	11
187	2021-01-13 14:20:07.803	temperature	17.49021	12
188	2021-01-13 14:20:07.803	temperature	13.71747	13
189	2021-01-13 14:20:07.803	hygrometry	60.70139	14
190	2021-01-13 14:20:07.803	hygrometry	43.54144	15
191	2021-01-13 15:20:07.873	temperature	12.933777	11
192	2021-01-13 15:20:07.873	temperature	20.630875	12
193	2021-01-13 15:20:07.873	temperature	12.244189	13
194	2021-01-13 15:20:07.873	hygrometry	58.877186	14
195	2021-01-13 15:20:07.873	hygrometry	46.598137	15
196	2021-01-13 16:20:07.916	temperature	25.918644	11
197	2021-01-13 16:20:07.916	temperature	23.502174	12
198	2021-01-13 16:20:07.916	temperature	20.11239	13
199	2021-01-13 16:20:07.916	hygrometry	66.553314	14
200	2021-01-13 16:20:07.916	hygrometry	62.665726	15
201	2021-01-13 17:20:07.978	temperature	21.391993	11
202	2021-01-13 17:20:07.978	temperature	23.520073	12
203	2021-01-13 17:20:07.978	temperature	24.331	13
204	2021-01-13 17:20:07.978	hygrometry	47.60897	14
205	2021-01-13 17:20:07.978	hygrometry	44.877216	15
206	2021-01-13 18:20:08.028	temperature	20.319876	11
207	2021-01-13 18:20:08.028	temperature	15.016708	12
208	2021-01-13 18:20:08.028	temperature	25.78566	13
209	2021-01-13 18:20:08.028	hygrometry	47.276196	14
210	2021-01-13 18:20:08.028	hygrometry	63.78261	15
211	2021-01-13 19:20:08.08	temperature	15.835826	11
212	2021-01-13 19:20:08.08	temperature	21.727339	12
213	2021-01-13 19:20:08.08	temperature	18.092556	13
214	2021-01-13 19:20:08.08	hygrometry	57.876373	14
215	2021-01-13 19:20:08.08	hygrometry	61.192947	15
216	2021-01-13 20:20:08.15	temperature	19.4409	11
217	2021-01-13 20:20:08.15	temperature	13.03529	12
218	2021-01-13 20:20:08.15	temperature	22.392551	13
219	2021-01-13 20:20:08.15	hygrometry	57.77617	14
220	2021-01-13 20:20:08.15	hygrometry	46.397987	15
221	2021-01-13 21:20:08.201	temperature	19.399847	11
222	2021-01-13 21:20:08.201	temperature	11.4729	12
223	2021-01-13 21:20:08.201	temperature	13.573803	13
224	2021-01-13 21:20:08.201	hygrometry	66.584236	14
225	2021-01-13 21:20:08.201	hygrometry	65.63271	15
226	2021-01-13 22:20:08.261	temperature	14.818935	11
227	2021-01-13 22:20:08.261	temperature	15.837628	12
228	2021-01-13 22:20:08.261	temperature	20.114815	13
229	2021-01-13 22:20:08.261	hygrometry	61.406662	14
230	2021-01-13 22:20:08.261	hygrometry	56.471077	15
231	2021-01-12 00:20:08.322	temperature	22.727108	11
232	2021-01-12 00:20:08.322	temperature	25.07254	12
233	2021-01-12 00:20:08.322	temperature	20.60561	13
234	2021-01-12 00:20:08.322	hygrometry	53.926685	14
235	2021-01-12 00:20:08.322	hygrometry	48.539818	15
236	2021-01-12 01:20:08.384	temperature	25.593977	11
237	2021-01-12 01:20:08.384	temperature	15.727095	12
238	2021-01-12 01:20:08.384	temperature	15.325374	13
239	2021-01-12 01:20:08.384	hygrometry	56.53181	14
240	2021-01-12 01:20:08.384	hygrometry	55.74373	15
241	2021-01-12 02:20:08.44	temperature	12.837497	11
242	2021-01-12 02:20:08.44	temperature	17.18801	12
243	2021-01-12 02:20:08.44	temperature	18.042574	13
244	2021-01-12 02:20:08.44	hygrometry	62.15978	14
245	2021-01-12 02:20:08.44	hygrometry	51.952103	15
246	2021-01-12 03:20:08.501	temperature	16.946901	11
247	2021-01-12 03:20:08.501	temperature	17.363935	12
248	2021-01-12 03:20:08.501	temperature	13.210273	13
249	2021-01-12 03:20:08.501	hygrometry	64.469574	14
250	2021-01-12 03:20:08.501	hygrometry	57.398792	15
251	2021-01-12 04:20:08.549	temperature	16.88989	11
252	2021-01-12 04:20:08.549	temperature	18.544355	12
253	2021-01-12 04:20:08.549	temperature	23.756582	13
254	2021-01-12 04:20:08.549	hygrometry	67.56775	14
255	2021-01-12 04:20:08.549	hygrometry	42.58539	15
256	2021-01-12 05:20:08.6	temperature	25.4079	11
257	2021-01-12 05:20:08.6	temperature	17.129862	12
258	2021-01-12 05:20:08.6	temperature	14.480002	13
259	2021-01-12 05:20:08.6	hygrometry	51.13919	14
260	2021-01-12 05:20:08.6	hygrometry	65.94713	15
261	2021-01-12 06:20:08.656	temperature	13.076711	11
262	2021-01-12 06:20:08.656	temperature	13.038444	12
263	2021-01-12 06:20:08.656	temperature	13.699498	13
264	2021-01-12 06:20:08.656	hygrometry	55.41137	14
265	2021-01-12 06:20:08.656	hygrometry	52.502735	15
266	2021-01-12 07:20:08.712	temperature	25.31815	11
267	2021-01-12 07:20:08.712	temperature	15.294538	12
268	2021-01-12 07:20:08.712	temperature	10.665068	13
269	2021-01-12 07:20:08.712	hygrometry	51.113693	14
270	2021-01-12 07:20:08.712	hygrometry	40.92546	15
271	2021-01-12 08:20:08.761	temperature	20.476263	11
272	2021-01-12 08:20:08.761	temperature	16.80101	12
273	2021-01-12 08:20:08.761	temperature	10.619698	13
274	2021-01-12 08:20:08.761	hygrometry	46.36919	14
275	2021-01-12 08:20:08.761	hygrometry	46.137672	15
276	2021-01-12 09:20:08.827	temperature	22.953407	11
277	2021-01-12 09:20:08.827	temperature	22.754343	12
278	2021-01-12 09:20:08.827	temperature	18.002626	13
279	2021-01-12 09:20:08.827	hygrometry	45.01894	14
280	2021-01-12 09:20:08.827	hygrometry	69.35706	15
281	2021-01-12 10:20:08.893	temperature	22.229021	11
282	2021-01-12 10:20:08.893	temperature	21.093231	12
283	2021-01-12 10:20:08.893	temperature	15.258149	13
284	2021-01-12 10:20:08.893	hygrometry	60.01462	14
285	2021-01-12 10:20:08.893	hygrometry	61.00947	15
286	2021-01-12 11:20:08.943	temperature	25.25609	11
287	2021-01-12 11:20:08.943	temperature	14.86455	12
288	2021-01-12 11:20:08.943	temperature	10.785589	13
289	2021-01-12 11:20:08.943	hygrometry	51.962948	14
290	2021-01-12 11:20:08.943	hygrometry	46.23659	15
291	2021-01-12 12:20:08.992	temperature	19.47711	11
292	2021-01-12 12:20:08.992	temperature	18.62124	12
293	2021-01-12 12:20:08.992	temperature	17.888645	13
294	2021-01-12 12:20:08.992	hygrometry	40.810493	14
295	2021-01-12 12:20:08.992	hygrometry	67.43402	15
296	2021-01-12 13:20:09.065	temperature	18.97521	11
297	2021-01-12 13:20:09.065	temperature	17.715967	12
298	2021-01-12 13:20:09.065	temperature	10.71582	13
299	2021-01-12 13:20:09.065	hygrometry	56.166924	14
300	2021-01-12 13:20:09.065	hygrometry	57.787395	15
301	2021-01-12 14:20:09.121	temperature	12.939639	11
302	2021-01-12 14:20:09.121	temperature	18.891409	12
303	2021-01-12 14:20:09.121	temperature	22.981628	13
304	2021-01-12 14:20:09.121	hygrometry	59.02948	14
305	2021-01-12 14:20:09.121	hygrometry	59.804405	15
306	2021-01-12 15:20:09.173	temperature	13.734564	11
307	2021-01-12 15:20:09.173	temperature	22.694225	12
308	2021-01-12 15:20:09.173	temperature	20.982096	13
309	2021-01-12 15:20:09.173	hygrometry	47.808228	14
310	2021-01-12 15:20:09.173	hygrometry	51.87505	15
311	2021-01-12 16:20:09.223	temperature	10.868424	11
312	2021-01-12 16:20:09.223	temperature	14.808602	12
313	2021-01-12 16:20:09.223	temperature	19.890034	13
314	2021-01-12 16:20:09.223	hygrometry	70.238304	14
315	2021-01-12 16:20:09.223	hygrometry	53.211895	15
316	2021-01-12 17:20:09.274	temperature	25.841854	11
317	2021-01-12 17:20:09.274	temperature	19.132326	12
318	2021-01-12 17:20:09.274	temperature	14.424366	13
319	2021-01-12 17:20:09.274	hygrometry	62.98815	14
320	2021-01-12 17:20:09.274	hygrometry	58.20139	15
321	2021-01-12 18:20:09.322	temperature	22.767136	11
322	2021-01-12 18:20:09.322	temperature	16.292185	12
323	2021-01-12 18:20:09.322	temperature	15.356741	13
324	2021-01-12 18:20:09.322	hygrometry	50.816425	14
325	2021-01-12 18:20:09.322	hygrometry	66.27967	15
326	2021-01-12 19:20:09.376	temperature	17.468143	11
327	2021-01-12 19:20:09.376	temperature	20.403088	12
328	2021-01-12 19:20:09.376	temperature	22.451904	13
329	2021-01-12 19:20:09.376	hygrometry	54.2781	14
330	2021-01-12 19:20:09.376	hygrometry	57.43931	15
331	2021-01-12 20:20:09.425	temperature	12.2401085	11
332	2021-01-12 20:20:09.425	temperature	11.953426	12
333	2021-01-12 20:20:09.425	temperature	25.154757	13
334	2021-01-12 20:20:09.425	hygrometry	56.449787	14
335	2021-01-12 20:20:09.425	hygrometry	59.177486	15
336	2021-01-12 21:20:09.483	temperature	11.371287	11
337	2021-01-12 21:20:09.483	temperature	22.225573	12
338	2021-01-12 21:20:09.483	temperature	13.806986	13
339	2021-01-12 21:20:09.483	hygrometry	51.658493	14
340	2021-01-12 21:20:09.483	hygrometry	47.97448	15
341	2021-01-12 22:20:09.538	temperature	18.493132	11
342	2021-01-12 22:20:09.538	temperature	19.79624	12
343	2021-01-12 22:20:09.538	temperature	20.371286	13
344	2021-01-12 22:20:09.538	hygrometry	43.165573	14
345	2021-01-12 22:20:09.538	hygrometry	54.8234	15
346	2021-01-11 00:20:09.595	temperature	24.061932	11
347	2021-01-11 00:20:09.595	temperature	17.85697	12
348	2021-01-11 00:20:09.595	temperature	12.51122	13
349	2021-01-11 00:20:09.595	hygrometry	62.387726	14
350	2021-01-11 00:20:09.595	hygrometry	46.805565	15
351	2021-01-11 01:20:09.649	temperature	21.415575	11
352	2021-01-11 01:20:09.649	temperature	13.673948	12
353	2021-01-11 01:20:09.649	temperature	23.06343	13
354	2021-01-11 01:20:09.649	hygrometry	66.008224	14
355	2021-01-11 01:20:09.649	hygrometry	48.81695	15
356	2021-01-11 02:20:09.709	temperature	25.919294	11
357	2021-01-11 02:20:09.709	temperature	22.036465	12
358	2021-01-11 02:20:09.709	temperature	11.351472	13
359	2021-01-11 02:20:09.709	hygrometry	57.075188	14
360	2021-01-11 02:20:09.709	hygrometry	51.312756	15
361	2021-01-11 03:20:09.769	temperature	25.159351	11
362	2021-01-11 03:20:09.769	temperature	23.311329	12
363	2021-01-11 03:20:09.769	temperature	20.824625	13
364	2021-01-11 03:20:09.769	hygrometry	52.63703	14
365	2021-01-11 03:20:09.769	hygrometry	64.60299	15
366	2021-01-11 04:20:09.82	temperature	23.209675	11
367	2021-01-11 04:20:09.82	temperature	25.118725	12
368	2021-01-11 04:20:09.82	temperature	16.259672	13
369	2021-01-11 04:20:09.82	hygrometry	40.493366	14
370	2021-01-11 04:20:09.82	hygrometry	41.163494	15
371	2021-01-11 05:20:09.872	temperature	25.273579	11
372	2021-01-11 05:20:09.872	temperature	21.786371	12
373	2021-01-11 05:20:09.872	temperature	17.035103	13
374	2021-01-11 05:20:09.872	hygrometry	52.423294	14
375	2021-01-11 05:20:09.872	hygrometry	48.763588	15
376	2021-01-11 06:20:09.948	temperature	14.446178	11
377	2021-01-11 06:20:09.948	temperature	22.10993	12
378	2021-01-11 06:20:09.948	temperature	17.368881	13
379	2021-01-11 06:20:09.948	hygrometry	67.56946	14
380	2021-01-11 06:20:09.948	hygrometry	47.696445	15
381	2021-01-11 07:20:10.01	temperature	18.58255	11
382	2021-01-11 07:20:10.01	temperature	19.413431	12
383	2021-01-11 07:20:10.01	temperature	16.304825	13
384	2021-01-11 07:20:10.01	hygrometry	65.996414	14
385	2021-01-11 07:20:10.01	hygrometry	41.062973	15
386	2021-01-11 08:20:10.066	temperature	16.507057	11
387	2021-01-11 08:20:10.066	temperature	15.876561	12
388	2021-01-11 08:20:10.066	temperature	10.089788	13
389	2021-01-11 08:20:10.066	hygrometry	50.026413	14
390	2021-01-11 08:20:10.066	hygrometry	70.55676	15
391	2021-01-11 09:20:10.114	temperature	25.18681	11
392	2021-01-11 09:20:10.114	temperature	17.181648	12
393	2021-01-11 09:20:10.114	temperature	24.181631	13
394	2021-01-11 09:20:10.114	hygrometry	45.823845	14
395	2021-01-11 09:20:10.114	hygrometry	53.421658	15
396	2021-01-11 10:20:10.165	temperature	15.105114	11
397	2021-01-11 10:20:10.165	temperature	11.46512	12
398	2021-01-11 10:20:10.165	temperature	14.200553	13
399	2021-01-11 10:20:10.165	hygrometry	68.88559	14
400	2021-01-11 10:20:10.165	hygrometry	48.478558	15
401	2021-01-11 11:20:10.229	temperature	24.550903	11
402	2021-01-11 11:20:10.229	temperature	16.73286	12
403	2021-01-11 11:20:10.229	temperature	24.16881	13
404	2021-01-11 11:20:10.229	hygrometry	69.48408	14
405	2021-01-11 11:20:10.229	hygrometry	65.22617	15
406	2021-01-11 12:20:10.283	temperature	20.525192	11
407	2021-01-11 12:20:10.283	temperature	25.327044	12
408	2021-01-11 12:20:10.283	temperature	22.88172	13
409	2021-01-11 12:20:10.283	hygrometry	41.946423	14
410	2021-01-11 12:20:10.283	hygrometry	56.489563	15
411	2021-01-11 13:20:10.332	temperature	23.194963	11
412	2021-01-11 13:20:10.332	temperature	18.014984	12
413	2021-01-11 13:20:10.332	temperature	17.303185	13
414	2021-01-11 13:20:10.332	hygrometry	69.71449	14
415	2021-01-11 13:20:10.332	hygrometry	54.253513	15
416	2021-01-11 14:20:10.385	temperature	22.22377	11
417	2021-01-11 14:20:10.385	temperature	13.616087	12
418	2021-01-11 14:20:10.385	temperature	15.309838	13
419	2021-01-11 14:20:10.385	hygrometry	64.48071	14
420	2021-01-11 14:20:10.385	hygrometry	59.99827	15
421	2021-01-11 15:20:10.445	temperature	24.85861	11
422	2021-01-11 15:20:10.445	temperature	17.172844	12
423	2021-01-11 15:20:10.445	temperature	10.065076	13
424	2021-01-11 15:20:10.445	hygrometry	60.479763	14
425	2021-01-11 15:20:10.445	hygrometry	42.82751	15
426	2021-01-11 16:20:10.493	temperature	22.367493	11
427	2021-01-11 16:20:10.493	temperature	16.192936	12
428	2021-01-11 16:20:10.493	temperature	12.551678	13
429	2021-01-11 16:20:10.493	hygrometry	67.136696	14
430	2021-01-11 16:20:10.493	hygrometry	57.49926	15
431	2021-01-11 17:20:10.56	temperature	14.233032	11
432	2021-01-11 17:20:10.56	temperature	19.142103	12
433	2021-01-11 17:20:10.56	temperature	13.553515	13
434	2021-01-11 17:20:10.56	hygrometry	47.840393	14
435	2021-01-11 17:20:10.56	hygrometry	57.061573	15
436	2021-01-11 18:20:10.606	temperature	24.378902	11
437	2021-01-11 18:20:10.606	temperature	22.362303	12
438	2021-01-11 18:20:10.606	temperature	14.028582	13
439	2021-01-11 18:20:10.606	hygrometry	52.967857	14
440	2021-01-11 18:20:10.606	hygrometry	68.76682	15
441	2021-01-11 19:20:10.68	temperature	15.788571	11
442	2021-01-11 19:20:10.68	temperature	11.246231	12
443	2021-01-11 19:20:10.68	temperature	23.241629	13
444	2021-01-11 19:20:10.68	hygrometry	44.916435	14
445	2021-01-11 19:20:10.68	hygrometry	40.968857	15
446	2021-01-11 20:20:10.73	temperature	14.011136	11
447	2021-01-11 20:20:10.73	temperature	25.759182	12
448	2021-01-11 20:20:10.73	temperature	15.950671	13
449	2021-01-11 20:20:10.73	hygrometry	49.968994	14
450	2021-01-11 20:20:10.73	hygrometry	69.402916	15
451	2021-01-11 21:20:10.777	temperature	15.438798	11
452	2021-01-11 21:20:10.777	temperature	11.564507	12
453	2021-01-11 21:20:10.777	temperature	11.056714	13
454	2021-01-11 21:20:10.777	hygrometry	65.08548	14
455	2021-01-11 21:20:10.777	hygrometry	51.74021	15
456	2021-01-11 22:20:10.827	temperature	25.591751	11
457	2021-01-11 22:20:10.827	temperature	10.521402	12
458	2021-01-11 22:20:10.827	temperature	19.30648	13
459	2021-01-11 22:20:10.827	hygrometry	49.51248	14
460	2021-01-11 22:20:10.827	hygrometry	44.450863	15
461	2021-01-10 00:20:10.884	temperature	18.60613	11
462	2021-01-10 00:20:10.884	temperature	18.894073	12
463	2021-01-10 00:20:10.884	temperature	21.084957	13
464	2021-01-10 00:20:10.884	hygrometry	51.557747	14
465	2021-01-10 00:20:10.884	hygrometry	58.361366	15
466	2021-01-10 01:20:10.923	temperature	23.312563	11
467	2021-01-10 01:20:10.923	temperature	14.513462	12
468	2021-01-10 01:20:10.923	temperature	18.938246	13
469	2021-01-10 01:20:10.923	hygrometry	46.985546	14
470	2021-01-10 01:20:10.923	hygrometry	56.20178	15
471	2021-01-10 02:20:10.976	temperature	17.76654	11
472	2021-01-10 02:20:10.976	temperature	19.974056	12
473	2021-01-10 02:20:10.976	temperature	16.21032	13
474	2021-01-10 02:20:10.976	hygrometry	68.699974	14
475	2021-01-10 02:20:10.976	hygrometry	55.33488	15
476	2021-01-10 03:20:11.027	temperature	19.500198	11
477	2021-01-10 03:20:11.027	temperature	13.72962	12
478	2021-01-10 03:20:11.027	temperature	18.889597	13
479	2021-01-10 03:20:11.027	hygrometry	58.198437	14
480	2021-01-10 03:20:11.027	hygrometry	65.51369	15
481	2021-01-10 04:20:11.087	temperature	20.079992	11
482	2021-01-10 04:20:11.087	temperature	20.728	12
483	2021-01-10 04:20:11.087	temperature	25.038975	13
484	2021-01-10 04:20:11.087	hygrometry	67.98308	14
485	2021-01-10 04:20:11.087	hygrometry	55.318283	15
486	2021-01-10 05:20:11.149	temperature	19.634506	11
487	2021-01-10 05:20:11.149	temperature	13.180867	12
488	2021-01-10 05:20:11.149	temperature	22.784056	13
489	2021-01-10 05:20:11.149	hygrometry	67.08705	14
490	2021-01-10 05:20:11.149	hygrometry	63.37292	15
491	2021-01-10 06:20:11.193	temperature	11.837156	11
492	2021-01-10 06:20:11.193	temperature	12.315325	12
493	2021-01-10 06:20:11.193	temperature	22.36278	13
494	2021-01-10 06:20:11.193	hygrometry	58.99156	14
495	2021-01-10 06:20:11.193	hygrometry	64.827	15
496	2021-01-10 07:20:11.257	temperature	16.691765	11
497	2021-01-10 07:20:11.257	temperature	15.8885565	12
498	2021-01-10 07:20:11.257	temperature	17.932417	13
499	2021-01-10 07:20:11.257	hygrometry	56.804317	14
500	2021-01-10 07:20:11.257	hygrometry	69.47949	15
501	2021-01-10 08:20:11.303	temperature	19.999548	11
502	2021-01-10 08:20:11.303	temperature	10.716397	12
503	2021-01-10 08:20:11.303	temperature	20.255959	13
504	2021-01-10 08:20:11.303	hygrometry	49.822426	14
505	2021-01-10 08:20:11.303	hygrometry	49.476723	15
506	2021-01-10 09:20:11.355	temperature	20.630201	11
507	2021-01-10 09:20:11.355	temperature	17.645359	12
508	2021-01-10 09:20:11.355	temperature	20.878231	13
509	2021-01-10 09:20:11.355	hygrometry	40.774445	14
510	2021-01-10 09:20:11.355	hygrometry	46.491177	15
511	2021-01-10 10:20:11.417	temperature	23.157984	11
512	2021-01-10 10:20:11.417	temperature	11.612315	12
513	2021-01-10 10:20:11.417	temperature	15.006359	13
514	2021-01-10 10:20:11.417	hygrometry	46.922356	14
515	2021-01-10 10:20:11.417	hygrometry	53.862755	15
516	2021-01-10 11:20:11.466	temperature	20.20967	11
517	2021-01-10 11:20:11.466	temperature	19.789986	12
518	2021-01-10 11:20:11.466	temperature	25.125982	13
519	2021-01-10 11:20:11.466	hygrometry	48.07461	14
520	2021-01-10 11:20:11.466	hygrometry	49.85895	15
521	2021-01-10 12:20:11.517	temperature	22.110987	11
522	2021-01-10 12:20:11.517	temperature	11.912511	12
523	2021-01-10 12:20:11.517	temperature	18.034676	13
524	2021-01-10 12:20:11.517	hygrometry	61.450237	14
525	2021-01-10 12:20:11.517	hygrometry	63.761124	15
526	2021-01-10 13:20:11.561	temperature	15.79855	11
527	2021-01-10 13:20:11.561	temperature	10.453839	12
528	2021-01-10 13:20:11.561	temperature	22.05962	13
529	2021-01-10 13:20:11.561	hygrometry	61.87017	14
530	2021-01-10 13:20:11.561	hygrometry	54.807034	15
531	2021-01-10 14:20:11.629	temperature	15.548751	11
532	2021-01-10 14:20:11.629	temperature	17.134237	12
533	2021-01-10 14:20:11.629	temperature	25.579754	13
534	2021-01-10 14:20:11.629	hygrometry	59.830112	14
535	2021-01-10 14:20:11.629	hygrometry	66.66255	15
536	2021-01-10 15:20:11.668	temperature	23.572252	11
537	2021-01-10 15:20:11.668	temperature	19.90359	12
538	2021-01-10 15:20:11.668	temperature	23.002728	13
539	2021-01-10 15:20:11.668	hygrometry	62.432384	14
540	2021-01-10 15:20:11.668	hygrometry	52.81636	15
541	2021-01-10 16:20:11.717	temperature	12.8476715	11
542	2021-01-10 16:20:11.717	temperature	11.900798	12
543	2021-01-10 16:20:11.717	temperature	23.304008	13
544	2021-01-10 16:20:11.717	hygrometry	48.983242	14
545	2021-01-10 16:20:11.717	hygrometry	43.35394	15
546	2021-01-10 17:20:11.764	temperature	12.002118	11
547	2021-01-10 17:20:11.764	temperature	21.301731	12
548	2021-01-10 17:20:11.764	temperature	23.6991	13
549	2021-01-10 17:20:11.764	hygrometry	42.74149	14
550	2021-01-10 17:20:11.764	hygrometry	45.557545	15
551	2021-01-10 18:20:11.813	temperature	17.813215	11
552	2021-01-10 18:20:11.813	temperature	11.303186	12
553	2021-01-10 18:20:11.813	temperature	15.427754	13
554	2021-01-10 18:20:11.813	hygrometry	70.737366	14
555	2021-01-10 18:20:11.813	hygrometry	64.58541	15
556	2021-01-10 19:20:11.871	temperature	13.474255	11
557	2021-01-10 19:20:11.871	temperature	20.265594	12
558	2021-01-10 19:20:11.871	temperature	20.156807	13
559	2021-01-10 19:20:11.871	hygrometry	69.16137	14
560	2021-01-10 19:20:11.871	hygrometry	59.669437	15
561	2021-01-10 20:20:11.92	temperature	24.68339	11
562	2021-01-10 20:20:11.92	temperature	10.215865	12
563	2021-01-10 20:20:11.92	temperature	25.113476	13
564	2021-01-10 20:20:11.92	hygrometry	50.03163	14
565	2021-01-10 20:20:11.92	hygrometry	42.410828	15
566	2021-01-10 21:20:11.976	temperature	20.218018	11
567	2021-01-10 21:20:11.976	temperature	21.10214	12
568	2021-01-10 21:20:11.976	temperature	21.003326	13
569	2021-01-10 21:20:11.976	hygrometry	50.36353	14
570	2021-01-10 21:20:11.976	hygrometry	47.407486	15
571	2021-01-10 22:20:12.033	temperature	25.399157	11
572	2021-01-10 22:20:12.033	temperature	22.57467	12
573	2021-01-10 22:20:12.033	temperature	15.418465	13
574	2021-01-10 22:20:12.033	hygrometry	50.425823	14
575	2021-01-10 22:20:12.033	hygrometry	47.2782	15
576	2021-01-09 00:20:12.095	temperature	11.666502	11
577	2021-01-09 00:20:12.095	temperature	14.859429	12
578	2021-01-09 00:20:12.095	temperature	16.696787	13
579	2021-01-09 00:20:12.095	hygrometry	66.384964	14
580	2021-01-09 00:20:12.095	hygrometry	48.292267	15
581	2021-01-09 01:20:12.146	temperature	21.89022	11
582	2021-01-09 01:20:12.146	temperature	22.066545	12
583	2021-01-09 01:20:12.146	temperature	20.295233	13
584	2021-01-09 01:20:12.146	hygrometry	66.22629	14
585	2021-01-09 01:20:12.146	hygrometry	57.948097	15
586	2021-01-09 02:20:12.196	temperature	13.369776	11
587	2021-01-09 02:20:12.196	temperature	10.943756	12
588	2021-01-09 02:20:12.196	temperature	18.832325	13
589	2021-01-09 02:20:12.196	hygrometry	44.59425	14
590	2021-01-09 02:20:12.196	hygrometry	60.50678	15
591	2021-01-09 03:20:12.241	temperature	21.992521	11
592	2021-01-09 03:20:12.241	temperature	20.850086	12
593	2021-01-09 03:20:12.241	temperature	11.171674	13
594	2021-01-09 03:20:12.241	hygrometry	61.6362	14
595	2021-01-09 03:20:12.241	hygrometry	63.014843	15
596	2021-01-09 04:20:12.296	temperature	19.338734	11
597	2021-01-09 04:20:12.296	temperature	10.8326435	12
598	2021-01-09 04:20:12.296	temperature	16.325747	13
599	2021-01-09 04:20:12.296	hygrometry	58.68838	14
600	2021-01-09 04:20:12.296	hygrometry	52.440147	15
601	2021-01-09 05:20:12.341	temperature	15.935894	11
602	2021-01-09 05:20:12.341	temperature	23.27575	12
603	2021-01-09 05:20:12.341	temperature	17.165188	13
604	2021-01-09 05:20:12.341	hygrometry	68.086716	14
605	2021-01-09 05:20:12.341	hygrometry	50.739204	15
606	2021-01-09 06:20:12.389	temperature	24.166498	11
607	2021-01-09 06:20:12.389	temperature	14.4458065	12
608	2021-01-09 06:20:12.389	temperature	20.65256	13
609	2021-01-09 06:20:12.389	hygrometry	69.78624	14
610	2021-01-09 06:20:12.389	hygrometry	60.20784	15
611	2021-01-09 07:20:12.446	temperature	23.694666	11
612	2021-01-09 07:20:12.446	temperature	12.808327	12
613	2021-01-09 07:20:12.446	temperature	20.805132	13
614	2021-01-09 07:20:12.446	hygrometry	51.40488	14
615	2021-01-09 07:20:12.446	hygrometry	48.723904	15
616	2021-01-09 08:20:12.503	temperature	20.658379	11
617	2021-01-09 08:20:12.503	temperature	22.347439	12
618	2021-01-09 08:20:12.503	temperature	17.021902	13
619	2021-01-09 08:20:12.503	hygrometry	54.96738	14
620	2021-01-09 08:20:12.503	hygrometry	60.932167	15
621	2021-01-09 09:20:12.563	temperature	19.7086	11
622	2021-01-09 09:20:12.563	temperature	18.424858	12
623	2021-01-09 09:20:12.563	temperature	11.334085	13
624	2021-01-09 09:20:12.563	hygrometry	48.305153	14
625	2021-01-09 09:20:12.563	hygrometry	66.18523	15
626	2021-01-09 10:20:12.62	temperature	11.453694	11
627	2021-01-09 10:20:12.62	temperature	17.721489	12
628	2021-01-09 10:20:12.62	temperature	10.075133	13
629	2021-01-09 10:20:12.62	hygrometry	42.331963	14
630	2021-01-09 10:20:12.62	hygrometry	41.512943	15
631	2021-01-09 11:20:12.68	temperature	18.634724	11
632	2021-01-09 11:20:12.68	temperature	15.871867	12
633	2021-01-09 11:20:12.68	temperature	13.558581	13
634	2021-01-09 11:20:12.68	hygrometry	52.669003	14
635	2021-01-09 11:20:12.68	hygrometry	69.31541	15
636	2021-01-09 12:20:12.737	temperature	15.946255	11
637	2021-01-09 12:20:12.737	temperature	22.815323	12
638	2021-01-09 12:20:12.737	temperature	23.371063	13
639	2021-01-09 12:20:12.737	hygrometry	47.043114	14
640	2021-01-09 12:20:12.737	hygrometry	56.512928	15
641	2021-01-09 13:20:12.784	temperature	16.210396	11
642	2021-01-09 13:20:12.784	temperature	11.769557	12
643	2021-01-09 13:20:12.784	temperature	15.402435	13
644	2021-01-09 13:20:12.784	hygrometry	45.001648	14
645	2021-01-09 13:20:12.784	hygrometry	59.970726	15
646	2021-01-09 14:20:12.828	temperature	15.658311	11
647	2021-01-09 14:20:12.828	temperature	25.364422	12
648	2021-01-09 14:20:12.828	temperature	13.757011	13
649	2021-01-09 14:20:12.828	hygrometry	65.92959	14
650	2021-01-09 14:20:12.828	hygrometry	61.816715	15
651	2021-01-09 15:20:12.895	temperature	25.572285	11
652	2021-01-09 15:20:12.895	temperature	21.35079	12
653	2021-01-09 15:20:12.895	temperature	11.60855	13
654	2021-01-09 15:20:12.895	hygrometry	66.86034	14
655	2021-01-09 15:20:12.895	hygrometry	40.248737	15
656	2021-01-09 16:20:12.953	temperature	13.2982645	11
657	2021-01-09 16:20:12.953	temperature	19.719471	12
658	2021-01-09 16:20:12.953	temperature	19.180267	13
659	2021-01-09 16:20:12.953	hygrometry	60.75739	14
660	2021-01-09 16:20:12.953	hygrometry	54.06946	15
661	2021-01-09 17:20:13.025	temperature	16.313433	11
662	2021-01-09 17:20:13.025	temperature	18.572126	12
663	2021-01-09 17:20:13.025	temperature	22.516367	13
664	2021-01-09 17:20:13.025	hygrometry	62.953327	14
665	2021-01-09 17:20:13.025	hygrometry	66.88191	15
666	2021-01-09 18:20:13.073	temperature	24.488577	11
667	2021-01-09 18:20:13.073	temperature	25.575808	12
668	2021-01-09 18:20:13.073	temperature	24.27117	13
669	2021-01-09 18:20:13.073	hygrometry	67.265656	14
670	2021-01-09 18:20:13.073	hygrometry	59.472763	15
671	2021-01-09 19:20:13.116	temperature	10.248689	11
672	2021-01-09 19:20:13.116	temperature	25.636318	12
673	2021-01-09 19:20:13.116	temperature	23.839989	13
674	2021-01-09 19:20:13.116	hygrometry	49.26609	14
675	2021-01-09 19:20:13.116	hygrometry	58.833298	15
676	2021-01-09 20:20:13.162	temperature	10.290299	11
677	2021-01-09 20:20:13.162	temperature	21.181557	12
678	2021-01-09 20:20:13.162	temperature	15.080166	13
679	2021-01-09 20:20:13.162	hygrometry	61.65627	14
680	2021-01-09 20:20:13.162	hygrometry	54.70258	15
681	2021-01-09 21:20:13.213	temperature	23.626352	11
682	2021-01-09 21:20:13.213	temperature	13.0733385	12
683	2021-01-09 21:20:13.213	temperature	10.464569	13
684	2021-01-09 21:20:13.213	hygrometry	45.21798	14
685	2021-01-09 21:20:13.213	hygrometry	68.44828	15
686	2021-01-09 22:20:13.255	temperature	23.127485	11
687	2021-01-09 22:20:13.255	temperature	14.753079	12
688	2021-01-09 22:20:13.255	temperature	19.87978	13
689	2021-01-09 22:20:13.255	hygrometry	64.438705	14
690	2021-01-09 22:20:13.255	hygrometry	54.14614	15
691	2021-01-08 00:20:13.296	temperature	13.948352	11
692	2021-01-08 00:20:13.296	temperature	17.143574	12
693	2021-01-08 00:20:13.296	temperature	19.294037	13
694	2021-01-08 00:20:13.296	hygrometry	66.46098	14
695	2021-01-08 00:20:13.296	hygrometry	40.522133	15
696	2021-01-08 01:20:13.362	temperature	20.731682	11
697	2021-01-08 01:20:13.362	temperature	24.882915	12
698	2021-01-08 01:20:13.362	temperature	22.40175	13
699	2021-01-08 01:20:13.362	hygrometry	48.98214	14
700	2021-01-08 01:20:13.362	hygrometry	44.943848	15
701	2021-01-08 02:20:13.411	temperature	16.47137	11
702	2021-01-08 02:20:13.411	temperature	20.405218	12
703	2021-01-08 02:20:13.411	temperature	12.199629	13
704	2021-01-08 02:20:13.411	hygrometry	55.957817	14
705	2021-01-08 02:20:13.411	hygrometry	59.07174	15
706	2021-01-08 03:20:13.459	temperature	20.73675	11
707	2021-01-08 03:20:13.459	temperature	25.563995	12
708	2021-01-08 03:20:13.459	temperature	24.972637	13
709	2021-01-08 03:20:13.459	hygrometry	41.794823	14
710	2021-01-08 03:20:13.459	hygrometry	40.81459	15
711	2021-01-08 04:20:13.522	temperature	20.93469	11
712	2021-01-08 04:20:13.522	temperature	16.031384	12
713	2021-01-08 04:20:13.522	temperature	23.46422	13
714	2021-01-08 04:20:13.522	hygrometry	49.11013	14
715	2021-01-08 04:20:13.522	hygrometry	66.44606	15
716	2021-01-08 05:20:13.574	temperature	17.260601	11
717	2021-01-08 05:20:13.574	temperature	13.903	12
718	2021-01-08 05:20:13.574	temperature	13.691239	13
719	2021-01-08 05:20:13.574	hygrometry	69.52554	14
720	2021-01-08 05:20:13.574	hygrometry	43.1702	15
721	2021-01-08 06:20:13.62	temperature	17.425644	11
722	2021-01-08 06:20:13.62	temperature	15.324077	12
723	2021-01-08 06:20:13.62	temperature	18.370186	13
724	2021-01-08 06:20:13.62	hygrometry	69.62378	14
725	2021-01-08 06:20:13.62	hygrometry	41.02883	15
726	2021-01-08 07:20:13.665	temperature	19.166296	11
727	2021-01-08 07:20:13.665	temperature	20.7332	12
728	2021-01-08 07:20:13.665	temperature	22.261148	13
729	2021-01-08 07:20:13.665	hygrometry	42.911346	14
730	2021-01-08 07:20:13.665	hygrometry	60.651745	15
731	2021-01-08 08:20:13.711	temperature	20.128296	11
732	2021-01-08 08:20:13.711	temperature	25.555107	12
733	2021-01-08 08:20:13.711	temperature	12.566636	13
734	2021-01-08 08:20:13.711	hygrometry	41.90617	14
735	2021-01-08 08:20:13.711	hygrometry	64.6419	15
736	2021-01-08 09:20:13.762	temperature	20.903124	11
737	2021-01-08 09:20:13.762	temperature	10.4912815	12
738	2021-01-08 09:20:13.762	temperature	19.804985	13
739	2021-01-08 09:20:13.762	hygrometry	48.937782	14
740	2021-01-08 09:20:13.762	hygrometry	68.99763	15
741	2021-01-08 10:20:13.811	temperature	13.833645	11
742	2021-01-08 10:20:13.811	temperature	18.721336	12
743	2021-01-08 10:20:13.811	temperature	13.653453	13
744	2021-01-08 10:20:13.811	hygrometry	42.984013	14
745	2021-01-08 10:20:13.811	hygrometry	65.17237	15
746	2021-01-08 11:20:13.856	temperature	24.34242	11
747	2021-01-08 11:20:13.856	temperature	21.471443	12
748	2021-01-08 11:20:13.856	temperature	19.646355	13
749	2021-01-08 11:20:13.856	hygrometry	43.24921	14
750	2021-01-08 11:20:13.856	hygrometry	42.864216	15
751	2021-01-08 12:20:13.935	temperature	25.598185	11
752	2021-01-08 12:20:13.935	temperature	12.236551	12
753	2021-01-08 12:20:13.935	temperature	13.362679	13
754	2021-01-08 12:20:13.935	hygrometry	61.336613	14
755	2021-01-08 12:20:13.935	hygrometry	50.853165	15
756	2021-01-08 13:20:14.006	temperature	17.5455	11
757	2021-01-08 13:20:14.006	temperature	21.741802	12
758	2021-01-08 13:20:14.006	temperature	19.604433	13
759	2021-01-08 13:20:14.006	hygrometry	55.373886	14
760	2021-01-08 13:20:14.006	hygrometry	65.133644	15
761	2021-01-08 14:20:14.064	temperature	22.150448	11
762	2021-01-08 14:20:14.064	temperature	15.447775	12
763	2021-01-08 14:20:14.064	temperature	21.38079	13
764	2021-01-08 14:20:14.064	hygrometry	58.772114	14
765	2021-01-08 14:20:14.064	hygrometry	54.31766	15
766	2021-01-08 15:20:14.108	temperature	23.885874	11
767	2021-01-08 15:20:14.108	temperature	14.680755	12
768	2021-01-08 15:20:14.108	temperature	11.007561	13
769	2021-01-08 15:20:14.108	hygrometry	44.497356	14
770	2021-01-08 15:20:14.108	hygrometry	60.86224	15
771	2021-01-08 16:20:14.152	temperature	22.140028	11
772	2021-01-08 16:20:14.152	temperature	18.86318	12
773	2021-01-08 16:20:14.152	temperature	17.06608	13
774	2021-01-08 16:20:14.152	hygrometry	59.3788	14
775	2021-01-08 16:20:14.152	hygrometry	70.42517	15
776	2021-01-08 17:20:14.197	temperature	14.597567	11
777	2021-01-08 17:20:14.197	temperature	10.592763	12
778	2021-01-08 17:20:14.197	temperature	24.84929	13
779	2021-01-08 17:20:14.197	hygrometry	57.82288	14
780	2021-01-08 17:20:14.197	hygrometry	48.835266	15
781	2021-01-08 18:20:14.244	temperature	18.928873	11
782	2021-01-08 18:20:14.244	temperature	14.064976	12
783	2021-01-08 18:20:14.244	temperature	16.152119	13
784	2021-01-08 18:20:14.244	hygrometry	62.991497	14
785	2021-01-08 18:20:14.244	hygrometry	46.176636	15
786	2021-01-08 19:20:14.288	temperature	22.089275	11
787	2021-01-08 19:20:14.288	temperature	18.771996	12
788	2021-01-08 19:20:14.288	temperature	14.986278	13
789	2021-01-08 19:20:14.288	hygrometry	47.85431	14
790	2021-01-08 19:20:14.288	hygrometry	45.91982	15
791	2021-01-08 20:20:14.333	temperature	16.41844	11
792	2021-01-08 20:20:14.333	temperature	21.656963	12
793	2021-01-08 20:20:14.333	temperature	25.319126	13
794	2021-01-08 20:20:14.333	hygrometry	66.09	14
795	2021-01-08 20:20:14.333	hygrometry	53.678806	15
796	2021-01-08 21:20:14.383	temperature	16.953247	11
797	2021-01-08 21:20:14.383	temperature	25.52662	12
798	2021-01-08 21:20:14.383	temperature	13.9651375	13
799	2021-01-08 21:20:14.383	hygrometry	61.188282	14
800	2021-01-08 21:20:14.383	hygrometry	57.754894	15
801	2021-01-08 22:20:14.435	temperature	15.7166195	11
802	2021-01-08 22:20:14.435	temperature	10.715872	12
803	2021-01-08 22:20:14.435	temperature	25.838102	13
804	2021-01-08 22:20:14.435	hygrometry	64.1417	14
805	2021-01-08 22:20:14.435	hygrometry	45.29979	15
806	2021-01-07 00:20:14.482	temperature	15.461387	11
807	2021-01-07 00:20:14.482	temperature	16.134354	12
808	2021-01-07 00:20:14.482	temperature	21.16831	13
809	2021-01-07 00:20:14.482	hygrometry	58.43237	14
810	2021-01-07 00:20:14.482	hygrometry	44.725456	15
811	2021-01-07 01:20:14.526	temperature	24.85346	11
812	2021-01-07 01:20:14.526	temperature	10.781317	12
813	2021-01-07 01:20:14.526	temperature	12.176009	13
814	2021-01-07 01:20:14.526	hygrometry	51.398926	14
815	2021-01-07 01:20:14.526	hygrometry	55.228294	15
816	2021-01-07 02:20:14.58	temperature	15.682185	11
817	2021-01-07 02:20:14.58	temperature	18.799322	12
818	2021-01-07 02:20:14.58	temperature	19.93992	13
819	2021-01-07 02:20:14.58	hygrometry	58.106606	14
820	2021-01-07 02:20:14.58	hygrometry	45.561073	15
821	2021-01-07 03:20:14.648	temperature	10.082637	11
822	2021-01-07 03:20:14.648	temperature	13.384412	12
823	2021-01-07 03:20:14.648	temperature	18.572159	13
824	2021-01-07 03:20:14.648	hygrometry	64.830734	14
825	2021-01-07 03:20:14.648	hygrometry	55.801346	15
826	2021-01-07 04:20:14.716	temperature	24.623869	11
827	2021-01-07 04:20:14.716	temperature	16.999426	12
828	2021-01-07 04:20:14.716	temperature	22.89496	13
829	2021-01-07 04:20:14.716	hygrometry	63.6292	14
830	2021-01-07 04:20:14.716	hygrometry	43.938454	15
831	2021-01-07 05:20:14.771	temperature	20.634571	11
832	2021-01-07 05:20:14.771	temperature	25.682701	12
833	2021-01-07 05:20:14.771	temperature	16.484472	13
834	2021-01-07 05:20:14.771	hygrometry	49.212833	14
835	2021-01-07 05:20:14.771	hygrometry	49.007984	15
836	2021-01-07 06:20:14.818	temperature	13.714757	11
837	2021-01-07 06:20:14.818	temperature	11.980395	12
838	2021-01-07 06:20:14.818	temperature	25.681814	13
839	2021-01-07 06:20:14.818	hygrometry	51.63519	14
840	2021-01-07 06:20:14.818	hygrometry	40.294262	15
841	2021-01-07 07:20:14.87	temperature	12.445072	11
842	2021-01-07 07:20:14.87	temperature	13.39247	12
843	2021-01-07 07:20:14.87	temperature	25.03747	13
844	2021-01-07 07:20:14.87	hygrometry	65.40456	14
845	2021-01-07 07:20:14.87	hygrometry	56.677097	15
846	2021-01-07 08:20:14.923	temperature	11.424298	11
847	2021-01-07 08:20:14.923	temperature	16.645731	12
848	2021-01-07 08:20:14.923	temperature	10.2624	13
849	2021-01-07 08:20:14.923	hygrometry	68.689384	14
850	2021-01-07 08:20:14.923	hygrometry	58.048344	15
851	2021-01-07 09:20:14.974	temperature	17.948658	11
852	2021-01-07 09:20:14.974	temperature	25.591612	12
853	2021-01-07 09:20:14.974	temperature	22.009945	13
854	2021-01-07 09:20:14.974	hygrometry	60.23027	14
855	2021-01-07 09:20:14.974	hygrometry	59.29189	15
856	2021-01-07 10:20:15.032	temperature	12.110767	11
857	2021-01-07 10:20:15.032	temperature	17.038782	12
858	2021-01-07 10:20:15.032	temperature	20.749111	13
859	2021-01-07 10:20:15.032	hygrometry	63.302944	14
860	2021-01-07 10:20:15.032	hygrometry	44.95983	15
861	2021-01-07 11:20:15.079	temperature	20.326307	11
862	2021-01-07 11:20:15.079	temperature	10.060297	12
863	2021-01-07 11:20:15.079	temperature	21.557281	13
864	2021-01-07 11:20:15.079	hygrometry	61.36044	14
865	2021-01-07 11:20:15.079	hygrometry	58.277454	15
866	2021-01-07 12:20:15.126	temperature	15.7073555	11
867	2021-01-07 12:20:15.126	temperature	13.592541	12
868	2021-01-07 12:20:15.126	temperature	19.696457	13
869	2021-01-07 12:20:15.126	hygrometry	49.775257	14
870	2021-01-07 12:20:15.126	hygrometry	45.486385	15
871	2021-01-07 13:20:15.17	temperature	15.711449	11
872	2021-01-07 13:20:15.17	temperature	24.835773	12
873	2021-01-07 13:20:15.17	temperature	10.099562	13
874	2021-01-07 13:20:15.17	hygrometry	68.59525	14
875	2021-01-07 13:20:15.17	hygrometry	64.72695	15
876	2021-01-07 14:20:15.228	temperature	20.330303	11
877	2021-01-07 14:20:15.228	temperature	19.16238	12
878	2021-01-07 14:20:15.228	temperature	18.440907	13
879	2021-01-07 14:20:15.228	hygrometry	66.59875	14
880	2021-01-07 14:20:15.228	hygrometry	63.371155	15
881	2021-01-07 15:20:15.285	temperature	16.11368	11
882	2021-01-07 15:20:15.285	temperature	22.03489	12
883	2021-01-07 15:20:15.285	temperature	11.199941	13
884	2021-01-07 15:20:15.285	hygrometry	66.41557	14
885	2021-01-07 15:20:15.285	hygrometry	50.969845	15
886	2021-01-07 16:20:15.327	temperature	16.264177	11
887	2021-01-07 16:20:15.327	temperature	18.635105	12
888	2021-01-07 16:20:15.327	temperature	15.818109	13
889	2021-01-07 16:20:15.327	hygrometry	59.68179	14
890	2021-01-07 16:20:15.327	hygrometry	56.058228	15
891	2021-01-07 17:20:15.37	temperature	23.79514	11
892	2021-01-07 17:20:15.37	temperature	16.446497	12
893	2021-01-07 17:20:15.37	temperature	21.636532	13
894	2021-01-07 17:20:15.37	hygrometry	40.74197	14
895	2021-01-07 17:20:15.37	hygrometry	56.356987	15
896	2021-01-07 18:20:15.414	temperature	22.253315	11
897	2021-01-07 18:20:15.414	temperature	13.952425	12
898	2021-01-07 18:20:15.414	temperature	21.815468	13
899	2021-01-07 18:20:15.414	hygrometry	52.771896	14
900	2021-01-07 18:20:15.414	hygrometry	50.73522	15
901	2021-01-07 19:20:15.45	temperature	17.357637	11
902	2021-01-07 19:20:15.45	temperature	14.868801	12
903	2021-01-07 19:20:15.45	temperature	16.313194	13
904	2021-01-07 19:20:15.45	hygrometry	56.17548	14
905	2021-01-07 19:20:15.45	hygrometry	51.21503	15
906	2021-01-07 20:20:15.492	temperature	23.058035	11
907	2021-01-07 20:20:15.492	temperature	15.276428	12
908	2021-01-07 20:20:15.492	temperature	21.143175	13
909	2021-01-07 20:20:15.492	hygrometry	50.864376	14
910	2021-01-07 20:20:15.492	hygrometry	69.355606	15
911	2021-01-07 21:20:15.538	temperature	11.947984	11
912	2021-01-07 21:20:15.538	temperature	13.867299	12
913	2021-01-07 21:20:15.538	temperature	17.488482	13
914	2021-01-07 21:20:15.538	hygrometry	68.4621	14
915	2021-01-07 21:20:15.538	hygrometry	48.78918	15
916	2021-01-07 22:20:15.594	temperature	18.522652	11
917	2021-01-07 22:20:15.594	temperature	22.586935	12
918	2021-01-07 22:20:15.594	temperature	13.28132	13
919	2021-01-07 22:20:15.594	hygrometry	44.83776	14
920	2021-01-07 22:20:15.594	hygrometry	59.921387	15
921	2021-01-06 00:20:15.642	temperature	22.09218	11
922	2021-01-06 00:20:15.642	temperature	15.010043	12
923	2021-01-06 00:20:15.642	temperature	24.605453	13
924	2021-01-06 00:20:15.642	hygrometry	56.388706	14
925	2021-01-06 00:20:15.642	hygrometry	47.191086	15
926	2021-01-06 01:20:15.682	temperature	14.902602	11
927	2021-01-06 01:20:15.682	temperature	19.313921	12
928	2021-01-06 01:20:15.682	temperature	13.48776	13
929	2021-01-06 01:20:15.682	hygrometry	54.701435	14
930	2021-01-06 01:20:15.682	hygrometry	40.862694	15
931	2021-01-06 02:20:15.726	temperature	19.304781	11
932	2021-01-06 02:20:15.726	temperature	19.401962	12
933	2021-01-06 02:20:15.726	temperature	19.606522	13
934	2021-01-06 02:20:15.726	hygrometry	43.37798	14
935	2021-01-06 02:20:15.726	hygrometry	61.04852	15
936	2021-01-06 03:20:15.779	temperature	23.113346	11
937	2021-01-06 03:20:15.779	temperature	24.000597	12
938	2021-01-06 03:20:15.779	temperature	24.984169	13
939	2021-01-06 03:20:15.779	hygrometry	66.91883	14
940	2021-01-06 03:20:15.779	hygrometry	55.770924	15
941	2021-01-06 04:20:15.819	temperature	21.615595	11
942	2021-01-06 04:20:15.819	temperature	21.441835	12
943	2021-01-06 04:20:15.819	temperature	16.094797	13
944	2021-01-06 04:20:15.819	hygrometry	61.785152	14
945	2021-01-06 04:20:15.819	hygrometry	57.726772	15
946	2021-01-06 05:20:15.865	temperature	20.347212	11
947	2021-01-06 05:20:15.865	temperature	25.042324	12
948	2021-01-06 05:20:15.865	temperature	23.779175	13
949	2021-01-06 05:20:15.865	hygrometry	51.885296	14
950	2021-01-06 05:20:15.865	hygrometry	40.998928	15
951	2021-01-06 06:20:15.907	temperature	16.590307	11
952	2021-01-06 06:20:15.907	temperature	23.367393	12
953	2021-01-06 06:20:15.907	temperature	16.384869	13
954	2021-01-06 06:20:15.907	hygrometry	64.62512	14
955	2021-01-06 06:20:15.907	hygrometry	46.27783	15
956	2021-01-06 07:20:15.952	temperature	17.859156	11
957	2021-01-06 07:20:15.952	temperature	19.081568	12
958	2021-01-06 07:20:15.952	temperature	18.290966	13
959	2021-01-06 07:20:15.952	hygrometry	43.507687	14
960	2021-01-06 07:20:15.952	hygrometry	56.190742	15
961	2021-01-06 08:20:15.994	temperature	11.622576	11
962	2021-01-06 08:20:15.994	temperature	19.789124	12
963	2021-01-06 08:20:15.994	temperature	23.949663	13
964	2021-01-06 08:20:15.994	hygrometry	50.47478	14
965	2021-01-06 08:20:15.994	hygrometry	70.652626	15
966	2021-01-06 09:20:16.05	temperature	19.601614	11
967	2021-01-06 09:20:16.05	temperature	13.737482	12
968	2021-01-06 09:20:16.05	temperature	20.300169	13
969	2021-01-06 09:20:16.05	hygrometry	53.525345	14
970	2021-01-06 09:20:16.05	hygrometry	67.33544	15
971	2021-01-06 10:20:16.094	temperature	15.82088	11
972	2021-01-06 10:20:16.094	temperature	17.74472	12
973	2021-01-06 10:20:16.094	temperature	25.844036	13
974	2021-01-06 10:20:16.094	hygrometry	55.636368	14
975	2021-01-06 10:20:16.094	hygrometry	46.272137	15
976	2021-01-06 11:20:16.153	temperature	10.995389	11
977	2021-01-06 11:20:16.153	temperature	18.33882	12
978	2021-01-06 11:20:16.153	temperature	20.250479	13
979	2021-01-06 11:20:16.153	hygrometry	59.91304	14
980	2021-01-06 11:20:16.153	hygrometry	59.12915	15
981	2021-01-06 12:20:16.194	temperature	15.531977	11
982	2021-01-06 12:20:16.194	temperature	17.786844	12
983	2021-01-06 12:20:16.194	temperature	20.448263	13
984	2021-01-06 12:20:16.194	hygrometry	70.8317	14
985	2021-01-06 12:20:16.194	hygrometry	55.743587	15
986	2021-01-06 13:20:16.23	temperature	13.910886	11
987	2021-01-06 13:20:16.23	temperature	24.788622	12
988	2021-01-06 13:20:16.23	temperature	15.222407	13
989	2021-01-06 13:20:16.23	hygrometry	59.956593	14
990	2021-01-06 13:20:16.23	hygrometry	61.685917	15
991	2021-01-06 14:20:16.274	temperature	13.51233	11
992	2021-01-06 14:20:16.274	temperature	16.45023	12
993	2021-01-06 14:20:16.274	temperature	24.653719	13
994	2021-01-06 14:20:16.274	hygrometry	60.47753	14
995	2021-01-06 14:20:16.274	hygrometry	51.885944	15
996	2021-01-06 15:20:16.315	temperature	24.605278	11
997	2021-01-06 15:20:16.315	temperature	13.446748	12
998	2021-01-06 15:20:16.315	temperature	12.987889	13
999	2021-01-06 15:20:16.315	hygrometry	67.04357	14
1000	2021-01-06 15:20:16.315	hygrometry	61.85474	15
1001	2021-01-06 16:20:16.384	temperature	13.307566	11
1002	2021-01-06 16:20:16.384	temperature	11.583126	12
1003	2021-01-06 16:20:16.384	temperature	21.9869	13
1004	2021-01-06 16:20:16.384	hygrometry	59.7057	14
1005	2021-01-06 16:20:16.384	hygrometry	65.21113	15
1006	2021-01-06 17:20:16.437	temperature	21.869257	11
1007	2021-01-06 17:20:16.437	temperature	15.049955	12
1008	2021-01-06 17:20:16.437	temperature	15.613304	13
1009	2021-01-06 17:20:16.437	hygrometry	53.37466	14
1010	2021-01-06 17:20:16.437	hygrometry	50.70542	15
1011	2021-01-06 18:20:16.476	temperature	25.10584	11
1012	2021-01-06 18:20:16.476	temperature	19.175816	12
1013	2021-01-06 18:20:16.476	temperature	17.964563	13
1014	2021-01-06 18:20:16.476	hygrometry	59.210957	14
1015	2021-01-06 18:20:16.476	hygrometry	46.620487	15
1016	2021-01-06 19:20:16.517	temperature	11.185176	11
1017	2021-01-06 19:20:16.517	temperature	10.526921	12
1018	2021-01-06 19:20:16.517	temperature	16.569096	13
1019	2021-01-06 19:20:16.517	hygrometry	44.796673	14
1020	2021-01-06 19:20:16.517	hygrometry	56.25156	15
1021	2021-01-06 20:20:16.555	temperature	17.02226	11
1022	2021-01-06 20:20:16.555	temperature	15.428662	12
1023	2021-01-06 20:20:16.555	temperature	14.270503	13
1024	2021-01-06 20:20:16.555	hygrometry	66.68889	14
1025	2021-01-06 20:20:16.555	hygrometry	44.205822	15
1026	2021-01-06 21:20:16.595	temperature	15.739755	11
1027	2021-01-06 21:20:16.595	temperature	25.685513	12
1028	2021-01-06 21:20:16.595	temperature	19.928402	13
1029	2021-01-06 21:20:16.595	hygrometry	58.264988	14
1030	2021-01-06 21:20:16.595	hygrometry	42.0321	15
1031	2021-01-06 22:20:16.632	temperature	16.526176	11
1032	2021-01-06 22:20:16.632	temperature	25.07682	12
1033	2021-01-06 22:20:16.632	temperature	24.47123	13
1034	2021-01-06 22:20:16.632	hygrometry	53.25825	14
1035	2021-01-06 22:20:16.632	hygrometry	57.185375	15
1036	2021-01-05 00:20:16.673	temperature	19.372076	11
1037	2021-01-05 00:20:16.673	temperature	16.979961	12
1038	2021-01-05 00:20:16.673	temperature	14.948442	13
1039	2021-01-05 00:20:16.673	hygrometry	59.650173	14
1040	2021-01-05 00:20:16.673	hygrometry	51.104374	15
1041	2021-01-05 01:20:16.713	temperature	22.869465	11
1042	2021-01-05 01:20:16.713	temperature	22.88167	12
1043	2021-01-05 01:20:16.713	temperature	22.52177	13
1044	2021-01-05 01:20:16.713	hygrometry	65.01982	14
1045	2021-01-05 01:20:16.713	hygrometry	49.01289	15
1046	2021-01-05 02:20:16.756	temperature	24.924675	11
1047	2021-01-05 02:20:16.756	temperature	13.984272	12
1048	2021-01-05 02:20:16.756	temperature	24.329626	13
1049	2021-01-05 02:20:16.756	hygrometry	66.15941	14
1050	2021-01-05 02:20:16.756	hygrometry	60.87668	15
1051	2021-01-05 03:20:16.802	temperature	11.489988	11
1052	2021-01-05 03:20:16.802	temperature	20.413176	12
1053	2021-01-05 03:20:16.802	temperature	23.082228	13
1054	2021-01-05 03:20:16.802	hygrometry	61.697563	14
1055	2021-01-05 03:20:16.802	hygrometry	56.53508	15
1056	2021-01-05 04:20:16.851	temperature	17.205025	11
1057	2021-01-05 04:20:16.851	temperature	12.133652	12
1058	2021-01-05 04:20:16.851	temperature	16.19181	13
1059	2021-01-05 04:20:16.851	hygrometry	50.605003	14
1060	2021-01-05 04:20:16.851	hygrometry	61.577335	15
1061	2021-01-05 05:20:16.9	temperature	22.278229	11
1062	2021-01-05 05:20:16.9	temperature	23.735947	12
1063	2021-01-05 05:20:16.9	temperature	11.748516	13
1064	2021-01-05 05:20:16.9	hygrometry	43.530453	14
1065	2021-01-05 05:20:16.9	hygrometry	50.56378	15
1066	2021-01-05 06:20:16.94	temperature	24.31004	11
1067	2021-01-05 06:20:16.94	temperature	22.325754	12
1068	2021-01-05 06:20:16.94	temperature	22.997896	13
1069	2021-01-05 06:20:16.94	hygrometry	43.53747	14
1070	2021-01-05 06:20:16.94	hygrometry	55.30373	15
1071	2021-01-05 07:20:16.978	temperature	18.385008	11
1072	2021-01-05 07:20:16.978	temperature	18.577969	12
1073	2021-01-05 07:20:16.978	temperature	24.025114	13
1074	2021-01-05 07:20:16.978	hygrometry	63.863255	14
1075	2021-01-05 07:20:16.978	hygrometry	44.80555	15
1076	2021-01-05 08:20:17.025	temperature	14.120117	11
1077	2021-01-05 08:20:17.025	temperature	10.926535	12
1078	2021-01-05 08:20:17.025	temperature	20.245062	13
1079	2021-01-05 08:20:17.025	hygrometry	65.395226	14
1080	2021-01-05 08:20:17.025	hygrometry	51.28773	15
1081	2021-01-05 09:20:17.075	temperature	24.242136	11
1082	2021-01-05 09:20:17.075	temperature	17.457664	12
1083	2021-01-05 09:20:17.075	temperature	18.811867	13
1084	2021-01-05 09:20:17.075	hygrometry	46.833496	14
1085	2021-01-05 09:20:17.075	hygrometry	58.545975	15
1086	2021-01-05 10:20:17.133	temperature	16.28529	11
1087	2021-01-05 10:20:17.133	temperature	11.679393	12
1088	2021-01-05 10:20:17.133	temperature	22.936636	13
1089	2021-01-05 10:20:17.133	hygrometry	52.692715	14
1090	2021-01-05 10:20:17.133	hygrometry	60.25611	15
1091	2021-01-05 11:20:17.174	temperature	14.244025	11
1092	2021-01-05 11:20:17.174	temperature	17.77561	12
1093	2021-01-05 11:20:17.174	temperature	20.16882	13
1094	2021-01-05 11:20:17.174	hygrometry	55.517227	14
1095	2021-01-05 11:20:17.174	hygrometry	52.71974	15
1096	2021-01-05 12:20:17.216	temperature	20.20693	11
1097	2021-01-05 12:20:17.216	temperature	13.299334	12
1098	2021-01-05 12:20:17.216	temperature	22.095993	13
1099	2021-01-05 12:20:17.216	hygrometry	69.869255	14
1100	2021-01-05 12:20:17.216	hygrometry	44.54326	15
1101	2021-01-05 13:20:17.249	temperature	22.924839	11
1102	2021-01-05 13:20:17.249	temperature	12.994683	12
1103	2021-01-05 13:20:17.249	temperature	15.241109	13
1104	2021-01-05 13:20:17.249	hygrometry	44.70837	14
1105	2021-01-05 13:20:17.249	hygrometry	46.7711	15
1106	2021-01-05 14:20:17.29	temperature	10.817634	11
1107	2021-01-05 14:20:17.29	temperature	10.724081	12
1108	2021-01-05 14:20:17.29	temperature	18.590925	13
1109	2021-01-05 14:20:17.29	hygrometry	56.105965	14
1110	2021-01-05 14:20:17.29	hygrometry	45.65045	15
1111	2021-01-05 15:20:17.343	temperature	13.540736	11
1112	2021-01-05 15:20:17.343	temperature	24.939943	12
1113	2021-01-05 15:20:17.343	temperature	19.79795	13
1114	2021-01-05 15:20:17.343	hygrometry	69.231285	14
1115	2021-01-05 15:20:17.343	hygrometry	61.393208	15
1116	2021-01-05 16:20:17.388	temperature	23.082342	11
1117	2021-01-05 16:20:17.388	temperature	23.919718	12
1118	2021-01-05 16:20:17.388	temperature	13.256083	13
1119	2021-01-05 16:20:17.388	hygrometry	40.65207	14
1120	2021-01-05 16:20:17.388	hygrometry	53.44727	15
1121	2021-01-05 17:20:17.436	temperature	23.058437	11
1122	2021-01-05 17:20:17.436	temperature	14.400272	12
1123	2021-01-05 17:20:17.436	temperature	13.444138	13
1124	2021-01-05 17:20:17.436	hygrometry	67.37347	14
1125	2021-01-05 17:20:17.436	hygrometry	53.55823	15
1126	2021-01-05 18:20:17.498	temperature	16.038544	11
1127	2021-01-05 18:20:17.498	temperature	23.87748	12
1128	2021-01-05 18:20:17.498	temperature	20.93511	13
1129	2021-01-05 18:20:17.498	hygrometry	43.30798	14
1130	2021-01-05 18:20:17.498	hygrometry	64.61665	15
1131	2021-01-05 19:20:17.539	temperature	20.237614	11
1132	2021-01-05 19:20:17.539	temperature	18.310764	12
1133	2021-01-05 19:20:17.539	temperature	12.027068	13
1134	2021-01-05 19:20:17.539	hygrometry	50.458775	14
1135	2021-01-05 19:20:17.539	hygrometry	44.051888	15
1136	2021-01-05 20:20:17.589	temperature	21.065825	11
1137	2021-01-05 20:20:17.589	temperature	19.318998	12
1138	2021-01-05 20:20:17.589	temperature	12.066388	13
1139	2021-01-05 20:20:17.589	hygrometry	58.623035	14
1140	2021-01-05 20:20:17.589	hygrometry	70.68067	15
1141	2021-01-05 21:20:17.631	temperature	18.603859	11
1142	2021-01-05 21:20:17.631	temperature	25.791254	12
1143	2021-01-05 21:20:17.631	temperature	19.165518	13
1144	2021-01-05 21:20:17.631	hygrometry	50.030663	14
1145	2021-01-05 21:20:17.631	hygrometry	58.704556	15
1146	2021-01-05 22:20:17.676	temperature	24.378067	11
1147	2021-01-05 22:20:17.676	temperature	10.227735	12
1148	2021-01-05 22:20:17.676	temperature	17.509829	13
1149	2021-01-05 22:20:17.676	hygrometry	57.372993	14
1150	2021-01-05 22:20:17.676	hygrometry	45.168255	15
1151	2021-01-14 08:20:17.712	temperature	-5	11
\.


--
-- Data for Name: sensor; Type: TABLE DATA; Schema: public; Owner: pifou
--

COPY public.sensor (sensor_id, frequency, location, type) FROM stdin;
11	24	Lille	temperature
12	48	Lille	temperature
13	72	Paris	temperature
14	48	Paris	hygrometry
15	48	Bruxelles	hygrometry
\.


--
-- Data for Name: sensor_user; Type: TABLE DATA; Schema: public; Owner: pifou
--

COPY public.sensor_user (sensor, app_user) FROM stdin;
11	pifou
12	pifou
13	pifou
14	pifou
15	pifou
\.


--
-- Name: hibernate_sequence; Type: SEQUENCE SET; Schema: public; Owner: pifou
--

SELECT pg_catalog.setval('public.hibernate_sequence', 1151, true);


--
-- Name: app_user app_user_pkey; Type: CONSTRAINT; Schema: public; Owner: pifou
--

ALTER TABLE ONLY public.app_user
    ADD CONSTRAINT app_user_pkey PRIMARY KEY (login);


--
-- Name: measure measure_pkey; Type: CONSTRAINT; Schema: public; Owner: pifou
--

ALTER TABLE ONLY public.measure
    ADD CONSTRAINT measure_pkey PRIMARY KEY (measure_id);


--
-- Name: sensor sensor_pkey; Type: CONSTRAINT; Schema: public; Owner: pifou
--

ALTER TABLE ONLY public.sensor
    ADD CONSTRAINT sensor_pkey PRIMARY KEY (sensor_id);


--
-- Name: sensor_user fkisajuh8wf0mdaeeicesey6o4; Type: FK CONSTRAINT; Schema: public; Owner: pifou
--

ALTER TABLE ONLY public.sensor_user
    ADD CONSTRAINT fkisajuh8wf0mdaeeicesey6o4 FOREIGN KEY (app_user) REFERENCES public.app_user(login);


--
-- Name: sensor_user fkkvc1tyuvy076pp5kjlrcv1k43; Type: FK CONSTRAINT; Schema: public; Owner: pifou
--

ALTER TABLE ONLY public.sensor_user
    ADD CONSTRAINT fkkvc1tyuvy076pp5kjlrcv1k43 FOREIGN KEY (sensor) REFERENCES public.sensor(sensor_id);


--
-- Name: measure fkoa986kskge23u1ja1txhdnpg1; Type: FK CONSTRAINT; Schema: public; Owner: pifou
--

ALTER TABLE ONLY public.measure
    ADD CONSTRAINT fkoa986kskge23u1ja1txhdnpg1 FOREIGN KEY (sensor) REFERENCES public.sensor(sensor_id);


--
-- PostgreSQL database dump complete
--

